show databases;
create database Election_data;
use Election_data;
CREATE TABLE CONSTITUENCY(
COSTITUENCY_ID INT,NAME VARCHAR(50),TOTAL_VOTERS INT);

ALTER TABLE CONSTITUENCY ADD COLUMN DISTRICT VARCHAR(50);
SET SQL_SAFE_UPDATES=0;

UPDATE  CONSTITUENCY SET DISTRICT ='PEDDAPALLI';

INSERT INTO CONSTITUENCY VALUES(1,'RAMAGUNDAM',442471),(2,'MANTHANI',473164),(3,'PEDDAPALLI',509065);

CREATE TABLE PARTY(PARTY_ID INT,PARTY_NAME VARCHAR(50),PARTY_SYMBOL VARCHAR(50));
INSERT INTO PARTY VALUES(101,'INC','HAND'),(102,'BJP','LOTUS'),(103,'BRS','CAR'),(104,'BSP','ELEPHANT'),(105,'AIFB','LION');

CREATE TABLE CANDIDATES(CANDIDATE_ID INT,CONSTITUENCY_ID INT,PARTY_ID INT,CANDIDATE_NAME VARCHAR(50),GENDER VARCHAR(10));
INSERT INTO CANDIDATES VALUES(201,1,104,'A NARESH YADAV','MALE'),(202,1,102,'KANDULA SANDHYARANI','FEMALE'),
(203,1,103,'KORUKANTI CHANDER','MALE'),(204,1,101,'MAKKAN SINGH RAJTHAKUR','MALE'),(205,1,105,'SOMARAPU SATYANARAYANA','MALE');
INSERT INTO CANDIDATES VALUES(206,2,101,'D SRIDHAR BABU','MALE'),(207,2,102,'C SUNIL REDDY','MALE'),
(208,2,103,'PUTTA MADHUKAR','MALE'),(209,2,104,'CHALLA NARAYANA REDDY','MALE'),(210,2,105,'AJEETH KUMAR SAGI','MALE');
INSERT INTO CANDIDATES VALUES(211,3,105,'B NARESH','MALE'),(212,3,103,'DASARI MANOHAR REDDY','MALE'),
(213,3,101,'VIJAYA RAMANA RAO','MALE'),(214,3,104,'DASARI USHA','FEMALE'),(215,3,102,'PRADEEP KUMAR DUGYALA','MALE');

CREATE TABLE RESULTS(RESULT_ID INT,CONSTITUENCY_ID INT,CANDIDATE_ID INT,VOTES_POLLED INT,STATUS VARCHAR(10));
INSERT INTO RESULTS VALUES(1001,1,204,92227,'WON');
INSERT INTO RESULTS VALUES(1002,1,203,35433,'RUNNER UP');
INSERT INTO RESULTS VALUES(1003,1,202,12966,'LOST'),(1004,1,205,4048,'LOST'),(1005,1,201,853,'LOST');
INSERT INTO RESULTS VALUES(2001,2,206,103822,'WON'),(2002,2,208,72492,'RUNNER UP'),(2003,2,207,5779,'LOST'),
(2004,2,209,2937,'LOST'),(2005,2,210,566,'LOST');
INSERT INTO RESULTS VALUES(2011,3,213,118888,'WON'),(2012,3,212,63780,'RUNNER UP'),(2013,3,214,10315,'LOST'),
(2014,3,215,6312,'LOST'),(2015,3,211,1869,'LOST');

ALTER TABLE RESULTS ADD COLUMN PARTY_ID INT;

UPDATE RESULTS SET PARTY_ID =101 WHERE STATUS='WON';

UPDATE RESULTS SET PARTY_ID =103 WHERE STATUS='RUNNER UP';

UPDATE RESULTS SET PARTY_ID =102 WHERE CANDIDATE_ID IN (202,207,215);

UPDATE RESULTS SET PARTY_ID =105 WHERE CANDIDATE_ID IN (205,210,211);